City_ID,City,Country,Lat,Lng,Max Temp,Humidity,Cloudiness,Wind Speed,Current Description
0,Kavieng,PG,-2.5744,150.7967,83.68,70,98,11.81,light rain
1,Nioro,GM,13.35,-15.75,78.8,74,100,9.53,overcast clouds
2,Bambous Virieux,MU,-20.3428,57.7575,70.21,79,49,18.5,light rain
3,Grindavik,IS,63.8424,-22.4338,47.89,100,100,17.27,light intensity drizzle
4,Grand-Lahou,CI,5.1367,-5.0242,77.02,77,55,7.52,broken clouds
5,Jamestown,US,42.097,-79.2353,65.01,67,97,1.01,overcast clouds
6,Greenwood,US,34.1668,-82.1165,81.28,78,0,0.0,clear sky
7,Rikitea,PF,-23.1203,-134.9692,73.31,68,36,13.65,scattered clouds
8,Esperance,AU,-33.8667,121.9,58.84,69,87,30.69,overcast clouds
9,Butaritari,KI,3.0707,172.7902,82.27,67,0,14.56,clear sky
10,Kyzyl-Suu,KG,42.3414,78.0056,61.83,65,35,1.77,scattered clouds
11,Pamplona,ES,42.8169,-1.6432,62.51,88,75,2.3,broken clouds
12,Khatanga,RU,71.9667,102.5,66.31,34,100,11.99,overcast clouds
13,Brownwood,US,31.7093,-98.9912,96.12,27,0,10.36,clear sky
14,Punta Arenas,CL,-53.15,-70.9167,46.51,87,100,11.5,light rain
15,Godalming,GB,51.1846,-0.6173,54.36,81,10,3.44,clear sky
16,Skibbereen,IE,51.55,-9.2667,54.1,76,60,8.86,broken clouds
17,Ponta Delgada,PT,37.7333,-25.6667,62.51,88,20,6.91,few clouds
18,Hobart,AU,-42.8794,147.3294,53.06,63,20,9.22,few clouds
19,Yellowknife,CA,62.456,-114.3525,64.04,51,37,4.76,scattered clouds
20,Ushuaia,AR,-54.8,-68.3,40.66,93,75,2.3,mist
21,Thompson,CA,55.7435,-97.8558,66.25,51,70,4.61,broken clouds
22,Kahului,US,20.8947,-156.47,84.22,68,0,24.16,clear sky
23,New Norfolk,AU,-42.7826,147.0587,52.72,78,63,1.01,broken clouds
24,Mataura,NZ,-46.1927,168.8643,45.48,90,100,12.48,light rain
25,Clyde River,CA,70.4692,-68.5914,33.24,71,53,2.84,broken clouds
26,Avarua,CK,-21.2078,-159.775,80.65,69,20,12.66,few clouds
27,Fairbanks,US,64.8378,-147.7164,70.02,38,0,3.44,haze
28,Atuona,PF,-9.8,-139.0333,77.59,67,62,18.12,broken clouds
29,Longyearbyen,SJ,78.2186,15.6401,39.04,87,75,3.44,broken clouds
30,Liwale,TZ,-9.7667,37.9333,59.63,62,2,4.97,clear sky
31,Grand Forks,US,47.9417,-97.4337,74.93,53,75,8.05,broken clouds
32,Arraial Do Cabo,BR,-22.9661,-42.0278,68.18,60,100,26.35,overcast clouds
33,Hami,CN,42.8,93.45,90.09,6,0,7.38,clear sky
34,Abu Samrah,SY,35.3029,37.1841,66.76,75,0,14.54,clear sky
35,Alice Springs,AU,-23.7,133.8833,58.55,51,0,8.05,clear sky
36,Saint George,US,37.1041,-113.5841,100.99,6,0,27.63,clear sky
37,Bengkulu,ID,-3.8004,102.2655,80.46,71,100,2.24,overcast clouds
38,Nikolskoye,RU,59.7035,30.7861,52.79,85,91,4.21,overcast clouds
39,Bluff,NZ,-46.6,168.3333,45.81,71,100,29.3,light rain
40,Rocha,UY,-34.4833,-54.3333,42.46,93,2,3.13,clear sky
41,Port Alfred,ZA,-33.5906,26.891,75.94,32,100,19.86,overcast clouds
42,Mount Gambier,AU,-37.8333,140.7667,51.71,87,100,9.22,overcast clouds
43,Mar Del Plata,AR,-38.0023,-57.5575,49.08,68,0,4.0,clear sky
44,Shestakovo,RU,56.4915,103.96,72.75,51,100,8.84,overcast clouds
45,Hithadhoo,MV,-0.6,73.0833,83.52,73,100,7.9,overcast clouds
46,Najran,SA,17.4924,44.1277,77.63,22,75,6.08,broken clouds
47,Tura,IN,25.5198,90.2201,76.42,96,99,7.05,light rain
48,Hilo,US,19.7297,-155.09,87.28,80,100,8.05,overcast clouds
49,Cape Town,ZA,-33.9258,18.4232,60.35,90,100,8.01,moderate rain
50,Vaini,TO,-21.2,-175.2,82.56,74,40,11.5,smoke
51,Esmeraldas,BR,-19.7625,-44.3139,65.26,48,100,3.85,overcast clouds
52,Enshi,CN,30.3,109.4833,71.98,84,100,0.63,overcast clouds
53,Tuatapere,NZ,-46.1333,167.6833,45.72,76,100,20.04,overcast clouds
54,Vanavara,RU,60.34,102.2797,65.62,50,98,5.23,overcast clouds
55,Caravelas,BR,-17.7125,-39.2481,72.01,89,94,4.05,overcast clouds
56,Santa Isabel Do Rio Negro,BR,-0.4139,-65.0192,70.41,99,100,3.09,overcast clouds
57,Bredasdorp,ZA,-34.5322,20.0403,59.23,70,100,7.07,overcast clouds
58,Swan Hill,AU,-35.3378,143.5544,56.32,60,7,4.61,clear sky
59,Tilichiki,RU,60.4667,166.1,49.68,56,100,5.14,overcast clouds
60,Provideniya,RU,64.3833,-173.3,41.11,63,100,1.36,overcast clouds
61,Ancud,CL,-41.8697,-73.8203,51.22,87,100,11.97,light rain
62,Albany,US,42.6001,-73.9662,66.61,88,100,1.01,overcast clouds
63,Busselton,AU,-33.65,115.3333,59.94,69,94,16.73,overcast clouds
64,San Vicente,AR,-26.6167,-54.1333,35.6,92,0,2.62,clear sky
65,Salalah,OM,17.0151,54.0924,81.52,84,13,3.15,few clouds
66,Lompoc,US,34.6391,-120.4579,79.02,82,100,21.0,overcast clouds
67,Acari,PE,-15.4311,-74.6158,65.03,72,30,3.27,scattered clouds
68,Gat,IL,31.61,34.7642,72.28,65,89,10.25,overcast clouds
69,Paamiut,GL,61.994,-49.6678,35.1,74,87,25.1,overcast clouds
70,Dikson,RU,73.5069,80.5464,30.06,93,100,16.87,overcast clouds
71,Benguela,AO,-12.5763,13.4055,70.48,56,3,2.86,clear sky
72,Hella,NO,67.2,14.4333,51.89,96,100,5.75,overcast clouds
73,Kruisfontein,ZA,-34.0033,24.7314,62.58,49,100,1.16,overcast clouds
74,Narsaq,GL,60.9167,-46.05,44.82,93,100,4.14,overcast clouds
75,Progreso,MX,21.2833,-89.6667,84.31,80,8,15.35,clear sky
76,Hermanus,ZA,-34.4187,19.2345,60.66,78,100,15.32,overcast clouds
77,Sisimiut,GL,66.9395,-53.6735,32.58,77,100,18.43,overcast clouds
78,Upernavik,GL,72.7868,-56.1549,28.29,76,54,3.87,broken clouds
79,Mkushi,ZM,-13.6202,29.3939,48.15,84,0,4.34,clear sky
80,Cabedelo,BR,-6.9811,-34.8339,74.07,81,7,6.89,clear sky
81,Mehran,IR,33.1222,46.1646,88.81,15,0,3.6,clear sky
82,Saint-Philippe,RE,-21.3585,55.7679,69.39,88,97,15.5,moderate rain
83,Saskylakh,RU,71.9167,114.0833,68.14,31,2,8.34,clear sky
84,Rosita,NI,13.9268,-84.4032,71.91,99,100,1.88,overcast clouds
85,Manchester,GB,53.4809,-2.2374,53.83,83,57,6.91,broken clouds
86,Leningradskiy,RU,69.3833,178.4167,35.62,84,99,8.66,overcast clouds
87,Vanimo,PG,-2.6741,141.3028,85.26,62,9,8.52,clear sky
88,Verkhoyansk,RU,67.5447,133.385,74.01,24,100,18.54,overcast clouds
89,Hinatuan,PH,8.3722,126.3342,85.53,67,100,3.11,overcast clouds
90,Ramhormoz,IR,31.28,49.6035,87.8,15,0,1.99,clear sky
91,Svetlyy,RU,54.675,20.1347,52.97,87,100,7.05,overcast clouds
92,Fuerte Olimpo,PY,-21.0415,-57.8738,48.43,50,0,5.06,clear sky
93,Ilulissat,GL,69.2167,-51.1,33.82,80,100,10.36,overcast clouds
94,Talnakh,RU,69.4865,88.3972,68.43,35,69,2.33,broken clouds
95,Tuktoyaktuk,CA,69.4541,-133.0374,33.8,93,100,10.36,overcast clouds
96,Guaruja,BR,-23.9931,-46.2564,59.9,26,96,3.65,overcast clouds
97,Sakakah,SA,29.9697,40.2064,79.57,37,0,11.65,clear sky
98,Paracelis,PH,17.2667,121.4667,85.23,69,78,7.02,broken clouds
99,Sola,VU,-13.8833,167.55,80.58,77,44,12.73,scattered clouds
100,Katsuura,JP,35.1333,140.3,70.63,59,100,9.08,overcast clouds
101,Bethel,US,41.3712,-73.414,68.36,92,75,3.94,broken clouds
102,Sept-Iles,CA,50.2001,-66.3821,57.06,69,98,7.4,overcast clouds
103,Ponta Do Sol,PT,32.6667,-17.1,68.72,82,17,1.72,few clouds
104,Castro,BR,-24.7911,-50.0119,38.46,69,0,4.38,clear sky
105,Atar,MR,20.5169,-13.0499,94.19,10,6,6.6,clear sky
106,Faanui,PF,-16.4833,-151.75,79.65,75,59,21.36,light rain
107,Dingle,PH,10.9995,122.6711,86.76,66,51,5.32,broken clouds
108,Gubskaya,RU,44.3164,40.6358,61.63,86,100,3.24,overcast clouds
109,Ranong,TH,9.9658,98.6348,83.52,76,85,6.06,overcast clouds
110,Bay Roberts,CA,47.5999,-53.2648,51.51,86,100,4.0,overcast clouds
111,Puerto Ayora,EC,-0.7393,-90.3518,72.55,86,98,7.0,overcast clouds
112,Mehamn,NO,71.0357,27.8492,44.51,95,100,25.3,overcast clouds
113,Russell,US,32.3502,-85.1999,83.8,88,0,0.0,clear sky
114,Barrow,US,71.2906,-156.7887,30.22,86,100,6.91,overcast clouds
115,Hamilton,US,39.1834,-84.5333,77.72,86,100,3.44,overcast clouds
116,Kaspiyskiy,RU,45.3929,47.3707,71.62,54,50,4.83,scattered clouds
117,Kaeo,NZ,-35.1,173.7833,63.32,58,37,18.5,scattered clouds
118,Isangel,VU,-19.55,169.2667,80.13,78,100,1.99,overcast clouds
119,Brae,GB,60.3964,-1.353,50.52,95,100,19.28,overcast clouds
120,Kolding,DK,55.4904,9.4722,52.16,87,20,8.05,few clouds
121,Chapleau,CA,47.8405,-83.4034,48.69,83,8,2.98,clear sky
122,Chipinge,ZW,-20.1883,32.6236,49.35,87,0,2.15,clear sky
123,Sortland,NO,68.6949,15.4162,50.09,93,100,1.81,light rain
124,Marovoay,MG,-16.1,46.6333,64.62,67,2,6.85,clear sky
125,Chokurdakh,RU,70.6333,147.9167,65.75,20,12,11.25,few clouds
126,Rudkobing,DK,54.9364,10.7102,54.07,81,91,15.19,overcast clouds
127,Cartagena,CO,10.3997,-75.5144,76.62,100,75,0.0,broken clouds
128,Olafsvik,IS,64.8945,-23.7142,47.26,88,100,14.41,overcast clouds
129,Qaanaaq,GL,77.484,-69.3632,24.98,74,1,7.38,clear sky
130,East London,ZA,-33.0153,27.9116,75.51,30,100,11.18,overcast clouds
131,Xingtai,CN,37.0631,114.4942,89.83,22,3,4.59,clear sky
132,Oranjestad,AW,12.524,-70.027,80.55,83,56,25.19,broken clouds
133,Kodiak,US,57.79,-152.4072,63.91,55,0,9.22,smoke
134,Mogadishu,SO,2.0371,45.3438,78.96,80,100,20.31,overcast clouds
135,Bandarbeyla,SO,9.4942,50.8122,79.93,70,99,25.9,overcast clouds
136,Sambava,MG,-14.2667,50.1667,68.43,82,0,10.04,clear sky
137,Khandyga,RU,62.6667,135.6,60.64,60,100,5.7,overcast clouds
138,Date,JP,42.4681,140.8681,60.37,75,100,4.85,overcast clouds
139,Kuytun,RU,54.3419,101.5036,68.79,69,100,5.46,overcast clouds
140,Mahebourg,MU,-20.4081,57.7,70.25,80,56,18.75,light rain
141,Airai,TL,-8.9266,125.4092,68.9,55,67,4.29,broken clouds
142,Karlovo,BG,42.6333,24.8,58.89,88,38,4.74,scattered clouds
143,Caceres,ES,39.522,-6.3748,74.88,43,2,7.23,clear sky
144,Touros,BR,-5.1989,-35.4608,75.99,82,41,10.07,scattered clouds
145,Ribeira Grande,PT,38.5167,-28.7,62.94,78,65,22.62,broken clouds
146,Torbay,CA,47.6666,-52.7314,50.76,88,96,7.0,overcast clouds
147,Buje,HR,45.41,13.6619,67.66,69,4,11.5,clear sky
148,Victoria,HK,22.2855,114.1577,87.33,83,100,20.0,overcast clouds
149,Podor,MR,16.6527,-14.9587,76.69,67,76,16.82,broken clouds
150,Nhulunbuy,AU,-12.2333,136.7667,84.81,61,75,16.11,broken clouds
151,Petropavlovka,RU,50.6114,105.3196,71.91,37,69,3.96,broken clouds
152,Miyako,JP,39.6367,141.9525,59.68,76,93,12.8,overcast clouds
153,Kununurra,AU,-15.7667,128.7333,76.98,19,10,13.8,clear sky
154,Pangnirtung,CA,66.1451,-65.7125,28.71,91,76,1.03,broken clouds
155,Jiangkou,CN,25.4872,119.1986,76.37,96,100,10.6,light rain
156,Karratha,AU,-20.7377,116.8463,78.49,39,3,14.25,clear sky
157,Indian Harbour Beach,US,28.1489,-80.5884,82.98,81,0,6.91,clear sky
158,Srikakulam,IN,18.3,83.9,88.03,57,24,5.48,few clouds
159,Beirut,LB,33.8889,35.4944,70.54,88,75,11.5,broken clouds
160,Haimen,CN,23.1935,116.6142,83.46,78,100,14.5,light rain
161,Macau,MO,22.2006,113.5461,88.86,89,40,16.11,scattered clouds
162,Te Anau,NZ,-45.4167,167.7167,39.18,99,100,2.91,overcast clouds
163,Saint-Francois,FR,46.4154,3.9054,65.64,88,0,4.61,clear sky
164,Godfrey,US,38.9556,-90.1868,87.53,83,85,6.06,overcast clouds
165,Cidreira,BR,-30.1811,-50.2056,50.27,74,26,15.14,scattered clouds
166,Dundwaraganj,IN,27.7333,78.95,97.38,26,7,14.41,clear sky
167,Nola,IT,40.922,14.5329,74.39,69,0,4.63,clear sky
168,Gouyave,GD,12.1646,-61.7296,79.57,83,20,13.8,few clouds
169,Ubinskoye,RU,55.3068,79.6802,66.61,74,3,9.51,clear sky
170,Ahipara,NZ,-35.1667,173.1667,59.29,61,9,22.17,clear sky
171,Comodoro Rivadavia,AR,-45.8667,-67.5,48.06,43,0,2.3,clear sky
172,Beira,MZ,-19.8436,34.8389,66.56,89,9,5.5,clear sky
173,Riyadh,SA,24.6877,46.7219,84.34,13,0,5.48,clear sky
174,Eyl,SO,7.9803,49.8164,80.89,61,100,25.57,overcast clouds
175,Chapada Dos Guimaraes,BR,-15.4606,-55.7497,51.46,66,63,3.02,broken clouds
176,Krivosheino,RU,57.3431,83.9261,69.69,63,32,7.18,scattered clouds
177,Aklavik,CA,68.2191,-135.0107,43.2,71,100,12.75,overcast clouds
178,Zhangjiakou,CN,40.81,114.8794,70.16,42,66,13.96,broken clouds
179,Senanga,ZM,-16.1167,23.2667,49.78,60,0,4.65,clear sky
180,Bam,IR,29.106,58.357,85.93,23,0,4.59,clear sky
181,Cairns,AU,-16.9167,145.7667,81.07,53,21,13.8,few clouds
182,Port Lincoln,AU,-34.7333,135.8667,56.89,65,65,12.86,broken clouds
183,Wagga Wagga,AU,-35.1167,147.3667,52.61,70,36,2.26,scattered clouds
184,Nome,US,64.5011,-165.4064,50.16,50,100,5.75,light rain
185,Igrim,RU,63.1906,64.4162,49.12,66,100,11.14,overcast clouds
186,Iralaya,HN,15.0,-83.2333,78.13,85,100,13.42,overcast clouds
187,Komsomolskiy,UZ,40.4272,71.7189,72.32,53,100,4.61,moderate rain
188,Kalmunai,LK,7.4167,81.8167,82.29,72,78,3.29,broken clouds
189,Asau,RO,46.4333,26.4,63.52,93,16,4.99,few clouds
190,Sitka,US,57.0531,-135.33,51.69,82,100,4.61,overcast clouds
191,Ucluelet,CA,48.9329,-125.5528,57.09,83,30,3.0,scattered clouds
192,Registro,BR,-24.4875,-47.8436,47.52,88,0,1.21,clear sky
193,Kapaa,US,22.0752,-159.319,84.18,77,40,16.11,scattered clouds
194,Cherskiy,RU,68.75,161.3,69.28,30,12,5.59,few clouds
195,Klaksvik,FO,62.2266,-6.589,47.32,93,98,13.87,overcast clouds
196,Nabire,ID,-3.3667,135.4833,83.44,73,76,4.76,broken clouds
197,Carnarvon,AU,-24.8667,113.6333,67.01,61,6,14.88,clear sky
198,Ixtapa,MX,20.7,-105.2,84.22,79,75,14.97,broken clouds
199,Farah,AF,32.5,62.5,78.55,28,0,3.58,clear sky
200,Havre-Saint-Pierre,CA,50.2334,-63.5986,54.16,69,66,2.42,broken clouds
201,Beyneu,KZ,45.3167,55.2,75.52,39,100,5.48,overcast clouds
202,Vila Velha,BR,-20.3297,-40.2925,71.55,92,100,10.0,overcast clouds
203,Chuy,UY,-33.6971,-53.4616,45.79,93,3,5.84,clear sky
204,Havelock,US,34.8791,-76.9013,80.58,94,45,1.99,scattered clouds
205,Ahar,IR,38.4774,47.0699,59.83,81,0,3.56,clear sky
206,Saldanha,ZA,-33.0117,17.9442,59.47,91,100,15.77,light rain
207,Vila Franca Do Campo,PT,37.7167,-25.4333,62.2,89,10,5.64,clear sky
208,Kalabo,ZM,-14.97,22.6814,51.13,59,2,5.41,clear sky
209,Atasu,KZ,48.6814,71.6433,68.79,45,95,12.26,overcast clouds
210,Beringovskiy,RU,63.05,179.3167,43.59,61,20,5.53,few clouds
211,Fortuna,US,40.5982,-124.1573,59.67,78,90,5.99,overcast clouds
212,Severo-Kurilsk,RU,50.6789,156.125,45.34,84,51,9.75,broken clouds
213,Kholmogory,RU,64.2229,41.656,55.89,62,100,6.22,overcast clouds
214,Puerto Escondido,MX,15.85,-97.0667,80.51,80,100,3.56,overcast clouds
215,Georgetown,MY,5.4112,100.3354,85.95,74,20,1.14,few clouds
216,Harper,LR,4.375,-7.7169,77.54,80,100,9.01,overcast clouds
217,Birin,NP,26.8865,88.0718,68.61,82,21,3.6,moderate rain
218,Portland,US,45.5234,-122.6762,60.03,71,100,5.99,overcast clouds
219,Lebu,CL,-37.6167,-73.65,47.84,91,100,10.25,overcast clouds
220,Fort Nelson,CA,58.8053,-122.7002,66.6,29,59,3.91,broken clouds
221,Tecoanapa,MX,16.5167,-98.75,79.25,85,71,5.28,broken clouds
222,Sorland,NO,67.667,12.6934,49.86,94,99,15.93,overcast clouds
223,Tual,ID,-5.6667,132.75,83.01,72,100,10.11,overcast clouds
224,Malakal,SS,9.5334,31.6605,81.61,54,99,3.51,overcast clouds
225,Roma,US,43.2128,-75.4557,65.73,95,75,4.61,broken clouds
226,Rawson,AR,-43.3002,-65.1023,56.39,28,100,11.43,overcast clouds
227,Hovd,MN,48.0056,91.6419,78.21,26,6,1.68,clear sky
228,Husavik,IS,66.0449,-17.3389,42.87,93,100,5.95,overcast clouds
229,Concordia,AR,-31.393,-58.0209,42.78,98,0,3.83,clear sky
230,Adrar,MR,20.5022,-10.0711,87.89,29,13,11.32,few clouds
231,Stepantsevo,RU,56.1314,41.7032,50.0,76,0,3.0,clear sky
232,Saint Anthony,US,45.0205,-93.218,75.09,76,0,11.5,clear sky
233,Ofunato,JP,39.0717,141.7167,62.73,69,57,9.04,broken clouds
234,Ribeira Brava,PT,32.65,-17.0667,68.72,84,16,2.48,few clouds
235,Fort Frances,CA,48.5999,-93.4003,61.02,72,20,6.91,few clouds
236,Necochea,AR,-38.5473,-58.7368,48.31,58,59,9.69,broken clouds
237,Teguldet,RU,57.3064,88.1667,71.56,53,77,8.3,broken clouds
238,Port Hawkesbury,CA,45.6169,-61.3485,63.03,82,100,1.99,overcast clouds
239,The Valley,AI,18.217,-63.0578,82.26,84,0,19.04,clear sky
240,Nyuksenitsa,RU,60.4128,44.2397,50.49,68,80,3.36,broken clouds
241,Matale,LK,7.4721,80.6234,77.31,74,66,4.92,broken clouds
242,Pevek,RU,69.7008,170.3133,40.03,60,87,12.59,overcast clouds
243,Gornopravdinsk,RU,60.05,69.9,50.58,98,100,7.54,overcast clouds
244,Sao Filipe,CV,14.8961,-24.4956,72.79,85,31,4.07,scattered clouds
245,Durban,ZA,-29.8579,31.0292,61.02,63,31,4.0,scattered clouds
246,Shetpe,KZ,44.1667,52.1167,72.68,35,100,8.21,overcast clouds
247,Qaqortoq,GL,60.7167,-46.0333,38.75,92,99,4.5,overcast clouds
248,Guerrero Negro,MX,27.9769,-114.0611,67.1,78,11,17.67,few clouds
249,Kerema,PG,-7.9631,145.7785,83.71,74,100,6.06,overcast clouds
250,Chaumont,FR,48.1167,5.1333,50.49,92,5,4.65,clear sky
251,Muros,ES,42.7762,-9.0603,67.15,74,94,13.71,overcast clouds
252,Port Elizabeth,ZA,-33.918,25.5701,67.32,46,100,4.0,overcast clouds
253,Camopi,GF,3.1655,-52.3158,70.9,99,9,1.7,clear sky
254,Oussouye,SN,12.485,-16.5469,78.13,82,99,7.96,overcast clouds
255,Bonavista,CA,48.6499,-53.1147,42.39,88,85,9.89,overcast clouds
256,Garowe,SO,8.4054,48.4845,78.26,59,92,23.96,overcast clouds
257,Yuxia,CN,34.0615,108.6291,87.1,28,14,6.46,few clouds
258,Road Town,VG,18.4167,-64.6167,82.49,78,15,19.08,few clouds
259,Usakos,NA,-22.0,15.6,57.38,50,0,1.48,clear sky
260,Vostok,RU,46.4856,135.8833,72.77,32,10,0.87,clear sky
261,Yangliuqing,CN,39.1375,116.9997,69.75,50,72,1.92,broken clouds
262,Igaci,BR,-9.5369,-36.6336,69.19,96,0,3.18,clear sky
263,College,US,64.8569,-147.8028,70.0,38,100,3.44,smoke
264,Sabha,LY,27.0377,14.4283,75.78,33,0,10.16,clear sky
265,Sula,PH,15.4573,120.3955,88.84,62,44,5.32,light rain
266,Bonaventure,CA,48.0457,-65.4926,53.42,81,100,9.33,light rain
267,Pisco,PE,-13.7,-76.2167,60.85,82,75,3.44,mist
268,Salmon Arm,CA,50.6998,-119.3024,71.31,39,63,1.28,broken clouds
269,Hervey Bay,AU,-25.2986,152.8535,67.01,59,19,11.01,few clouds
270,Pakpattan,PK,30.341,73.3866,93.85,34,31,9.89,scattered clouds
271,Ercis,TR,39.0287,43.3586,56.43,68,81,6.87,broken clouds
272,Ratnagiri,IN,16.9833,73.3,80.33,82,31,8.55,scattered clouds
273,Flinders,AU,-34.5833,150.8552,61.18,55,3,1.99,clear sky
274,Boende,CD,-0.2167,20.8667,73.13,83,100,1.83,overcast clouds
275,Bassar,TG,9.25,0.7833,71.28,87,92,1.79,overcast clouds
276,Bosaso,SO,11.2842,49.1816,90.86,44,99,7.16,overcast clouds
277,Lac-Megantic,CA,45.5834,-70.8823,58.68,77,100,5.53,overcast clouds
278,Saurimo,AO,-9.6608,20.3916,56.95,60,2,4.34,clear sky
279,Simao,CN,22.7886,100.9748,71.82,86,100,3.02,overcast clouds
280,Constitucion,CL,-35.3333,-72.4167,48.81,90,88,2.62,overcast clouds
281,Westport,US,41.1415,-73.3579,69.84,91,75,3.44,broken clouds
282,Chivay,PE,-15.6383,-71.6011,41.09,30,0,1.7,clear sky
283,Goderich,CA,43.7501,-81.7165,57.9,83,7,6.8,clear sky
284,Praia,CV,14.9215,-23.5087,73.94,78,20,5.75,few clouds
285,Sampit,ID,-2.5333,112.95,79.2,93,100,1.72,overcast clouds
286,Nara,JP,34.6851,135.8049,77.5,32,100,3.83,overcast clouds
287,Carutapera,BR,-1.195,-46.02,75.51,88,1,5.39,clear sky
288,Haaksbergen,NL,52.1567,6.7389,54.91,86,100,5.39,light rain
289,Margate,GB,51.3813,1.3862,56.88,68,17,4.0,few clouds
290,Sechura,PE,-5.5569,-80.8222,64.44,78,9,15.3,clear sky
291,Suchedniow,PL,51.0478,20.8292,60.03,84,7,4.61,clear sky
292,Laguna,US,38.421,-121.4238,81.61,56,0,20.71,clear sky
293,Curitibanos,BR,-27.2828,-50.5844,31.59,98,0,1.25,clear sky
294,Lagoa,PT,39.05,-27.9833,62.13,83,75,21.88,light rain
295,Agua Dulce,MX,18.1333,-94.1333,80.85,79,88,6.53,overcast clouds
296,Agaro,ET,7.85,36.65,57.88,97,30,2.82,scattered clouds
297,Kuusamo,FI,65.9667,29.1833,53.64,82,0,5.75,clear sky
298,Treinta Y Tres,UY,-33.2333,-54.3833,41.97,86,0,3.58,clear sky
299,Payo,ID,-3.7508,103.6372,77.9,83,100,0.18,overcast clouds
300,Padang,ID,-0.9492,100.3543,82.45,71,100,1.32,overcast clouds
301,Alekseyevskaya,RU,50.2896,42.1845,60.82,78,0,5.7,clear sky
302,Nago,JP,26.5881,127.9761,83.25,83,100,19.04,overcast clouds
303,Surt,LY,31.2089,16.5887,72.14,84,16,10.45,few clouds
304,San Cristobal,VE,7.7669,-72.225,69.98,98,100,3.62,overcast clouds
305,San Andres,CO,12.5847,-81.7006,82.42,83,75,6.91,broken clouds
306,Ostrovnoy,RU,68.0531,39.5131,53.64,83,100,6.42,overcast clouds
307,Yumen,CN,40.2833,97.2,78.15,8,0,14.7,clear sky
308,Yulara,AU,-25.2406,130.9889,60.98,39,0,4.72,clear sky
309,Thinadhoo,MV,0.5333,72.9333,83.77,71,95,6.35,overcast clouds
310,Kaitangata,NZ,-46.2817,169.8464,45.3,86,100,21.88,light rain
311,Itarema,BR,-2.9248,-39.9167,76.15,84,56,7.92,broken clouds
312,Soanierana Ivongo,MG,-16.9167,49.5833,65.12,90,58,9.08,broken clouds
313,Ratnapura,LK,6.6828,80.3992,78.48,87,46,3.42,scattered clouds
314,Lai,TD,9.3952,16.2989,76.66,66,100,6.04,overcast clouds
315,Turayf,SA,31.6725,38.6637,67.01,59,0,13.51,clear sky
316,Batagay,RU,67.6333,134.6333,73.63,22,100,16.06,overcast clouds
317,Ust-Nera,RU,64.5667,143.2,63.12,38,100,5.26,overcast clouds
318,North Bend,US,43.4065,-124.2243,55.85,87,100,3.44,overcast clouds
319,Sioux Lookout,CA,50.1001,-91.917,59.77,62,100,7.11,overcast clouds
320,Pozo Colorado,PY,-23.4923,-58.7972,45.84,57,0,4.16,clear sky
321,Kodinar,IN,20.7903,70.7031,83.62,76,79,11.41,light rain
322,Hirara,JP,24.8,125.2833,81.37,89,95,21.39,overcast clouds
323,San Jose,US,37.3394,-121.895,72.05,70,75,12.66,broken clouds
324,Novobirilyussy,RU,56.9514,90.6661,72.64,56,57,5.23,broken clouds
325,San Patricio,US,28.017,-97.5169,85.17,76,4,17.02,clear sky
326,Ambilobe,MG,-13.2,49.05,65.03,87,0,3.38,clear sky
327,Yerbogachen,RU,61.2767,108.0108,62.92,47,100,4.81,overcast clouds
328,Ulagan,RU,50.6321,87.9563,67.32,68,100,1.28,overcast clouds
329,Sao Desiderio,BR,-12.3633,-44.9733,72.9,55,52,1.45,broken clouds
330,Nouadhibou,MR,20.931,-17.0347,67.17,85,5,26.06,clear sky
331,Luderitz,NA,-26.6481,15.1594,58.89,60,73,6.6,broken clouds
332,Nicolas Bravo,MX,18.45,-88.9167,76.66,84,10,4.56,clear sky
333,Tasiilaq,GL,65.6145,-37.6368,35.76,99,100,5.26,light rain
334,Tabou,CI,4.423,-7.3528,77.29,80,100,8.61,overcast clouds
335,Norman Wells,CA,65.282,-126.8329,38.79,97,100,12.59,light rain
336,Agadez,NE,19.75,10.25,87.37,14,0,11.16,clear sky
337,Svetlogorsk,BY,52.6333,29.7333,55.38,96,8,6.55,clear sky
338,Gushikawa,JP,26.3544,127.8686,82.4,90,75,16.11,broken clouds
339,Astoria,US,46.1879,-123.8313,54.55,76,100,10.36,light rain
340,Ossora,RU,59.2353,163.0719,45.5,81,100,1.83,overcast clouds
341,Haines Junction,CA,60.7522,-137.5108,57.94,51,100,8.37,light rain
342,Petropolis,RU,59.8944,30.2642,51.94,93,20,4.47,fog
343,Ambovombe,MG,-25.1667,46.0833,59.5,75,0,5.01,clear sky
344,Alofi,NU,-19.0595,-169.9187,78.82,77,22,13.87,few clouds
345,Coahuayana,MX,18.7333,-103.6833,81.45,75,41,3.04,scattered clouds
346,Ishigaki,JP,24.3448,124.1572,82.67,88,85,22.24,overcast clouds
347,Deputatskiy,RU,69.3,139.9,63.19,29,0,23.85,clear sky
348,Alta Floresta,BR,-9.8756,-56.0861,75.51,61,87,5.61,overcast clouds
349,Mayo,US,38.8876,-76.5119,75.29,89,0,5.75,clear sky
350,Mezen,RU,65.8522,44.24,55.74,58,100,9.57,overcast clouds
351,Bayan,CN,46.0833,127.4,64.58,83,100,8.55,light rain
352,Okhotsk,RU,59.3833,143.3,43.23,93,100,7.38,light rain
353,Quthing,LS,-30.4,27.7003,44.02,47,98,4.34,overcast clouds
354,Bairnsdale,AU,-37.8333,147.6167,55.06,67,48,1.99,scattered clouds
355,Dulce Nombre De Culmi,HN,15.1,-85.5333,79.03,98,100,2.17,overcast clouds
356,Eslov,SE,55.8393,13.3039,54.27,92,54,6.96,broken clouds
357,Kupino,RU,54.3663,77.2981,70.2,53,1,3.31,clear sky
358,Saint-Pierre,RE,-21.3393,55.4781,71.91,94,100,24.16,light rain
359,Verkh-Usugli,RU,52.7,115.1667,69.91,33,10,8.19,clear sky
360,Merauke,ID,-8.4667,140.3333,83.97,71,86,10.76,overcast clouds
361,Dzaoudzi,YT,-12.7887,45.2699,76.89,78,20,10.36,few clouds
362,La Asuncion,VE,11.0333,-63.8628,78.4,83,100,16.22,overcast clouds
363,Maceio,BR,-9.6658,-35.7353,72.84,94,40,3.44,scattered clouds
364,Grinnell,US,41.743,-92.7224,82.38,81,0,4.61,clear sky
365,Hobyo,SO,5.3505,48.5268,78.48,78,100,23.2,overcast clouds
366,Palafrugell,ES,41.9174,3.1631,70.43,51,0,7.0,clear sky
367,Kerman,IR,30.2832,57.0788,77.05,22,13,4.9,few clouds
368,Rodrigues Alves,BR,-7.738,-72.6509,64.65,84,13,2.15,few clouds
369,Nyurba,RU,63.2842,118.3319,63.25,46,54,8.32,broken clouds
370,Cayenne,GF,4.9333,-52.3333,81.09,1,0,1.14,clear sky
371,Tazovskiy,RU,67.4667,78.7,56.62,82,98,12.37,moderate rain
372,Cabo San Lucas,MX,22.8909,-109.9124,94.3,39,20,19.57,few clouds
373,Biltine,TD,14.5333,20.9167,83.03,47,100,7.58,overcast clouds
374,Nizhneudinsk,RU,54.9076,99.0276,76.93,50,100,3.91,overcast clouds
375,Yar-Sale,RU,66.8333,70.8333,42.24,81,100,22.48,light rain
376,Acarau,BR,-2.8856,-40.12,76.77,83,81,8.61,broken clouds
377,Jumla,NP,29.2747,82.1838,65.14,66,32,4.54,scattered clouds
378,Kingston,JM,17.997,-76.7936,76.24,97,100,5.68,overcast clouds
379,Acajutla,SV,13.5928,-89.8275,79.25,80,89,2.64,overcast clouds
380,Kulhudhuffushi,MV,6.6221,73.07,82.65,76,99,7.02,overcast clouds
381,Ust-Maya,RU,60.4167,134.5333,52.16,95,100,3.62,light rain
382,Akyab,MM,20.15,92.9,84.22,75,42,3.18,scattered clouds
383,Bubaque,GW,11.2833,-15.8333,80.44,79,100,10.42,overcast clouds
384,Majene,ID,-3.5403,118.9707,81.03,76,100,4.18,overcast clouds
385,Los Llanos De Aridane,ES,28.6585,-17.9182,65.95,91,100,6.91,overcast clouds
386,Saint-Alexandre,FR,44.2278,4.6214,67.19,65,2,5.61,clear sky
387,Rochegda,RU,62.8,43.25,52.5,63,100,6.71,overcast clouds
388,Lavrentiya,RU,65.5833,-171.0,40.19,65,100,3.06,overcast clouds
389,Vao,NC,-22.6667,167.4833,71.06,75,100,8.88,overcast clouds
390,Kendal,GB,54.3268,-2.7476,51.6,89,17,3.2,few clouds
391,Zhigansk,RU,66.7697,123.3711,50.99,92,100,3.91,light rain
392,Dunedin,NZ,-45.8742,170.5036,45.81,77,100,25.01,overcast clouds
393,Dawson Creek,CA,55.7666,-120.2362,62.2,54,27,3.94,scattered clouds
394,Usinsk,RU,65.9939,57.5281,45.99,45,0,10.54,clear sky
395,Boyolangu,ID,-8.1181,111.8935,81.23,76,98,1.1,overcast clouds
396,Balkanabat,TM,39.5108,54.3671,81.88,26,6,7.0,clear sky
397,Kulachi,PK,31.9286,70.4592,92.01,27,0,10.09,clear sky
398,Waingapu,ID,-9.6567,120.2641,82.69,61,90,12.59,overcast clouds
399,Moose Factory,CA,51.2585,-80.6094,46.76,95,90,4.27,overcast clouds
400,Coihaique,CL,-45.5752,-72.0662,38.01,93,0,1.14,clear sky
401,Kamenka,RU,51.3223,42.7678,54.23,78,0,7.14,clear sky
402,Montepuez,MZ,-13.1256,38.9997,58.57,93,21,4.97,few clouds
403,Sidvokodvo,SZ,-26.6282,31.4202,52.66,38,0,6.33,clear sky
404,Vernon,CA,50.2581,-119.2691,70.16,38,88,5.01,overcast clouds
405,Anadyr,RU,64.75,177.4833,61.3,41,0,6.71,clear sky
406,Puerto Montt,CL,-41.4698,-72.9447,49.03,87,100,18.41,overcast clouds
407,San Ramon,US,37.7799,-121.978,73.38,67,75,17.27,broken clouds
408,Tondano,ID,1.3038,124.9112,80.69,61,100,2.04,overcast clouds
409,Yakeshi,CN,49.2833,120.7333,64.54,69,100,12.21,light rain
410,Shache,CN,38.4167,77.2406,80.44,28,89,6.73,overcast clouds
411,Ponoka,CA,52.6768,-113.5815,58.87,86,98,9.51,overcast clouds
412,Valparaiso,CL,-33.0393,-71.6273,53.47,83,100,0.0,overcast clouds
413,Souillac,MU,-20.5167,57.5167,71.83,83,58,16.71,light rain
414,Lasa,IT,46.6166,10.7002,59.36,62,93,4.56,overcast clouds
415,Bikapur,IN,26.6,82.1333,93.69,40,7,4.52,clear sky
416,Dukat,RU,62.55,155.55,43.39,69,91,4.21,overcast clouds
417,Japura,ID,-0.3167,102.35,79.83,82,100,1.03,overcast clouds
418,Phan Thiet,VN,10.9333,108.1,85.15,69,81,3.24,broken clouds
419,Mlawa,PL,53.1128,20.3841,56.93,94,100,4.85,overcast clouds
420,Aksu,CN,41.1231,80.2644,86.2,15,90,5.32,overcast clouds
421,Axim,GH,4.8699,-2.2405,76.23,80,15,6.29,few clouds
422,Chapais,CA,49.7834,-74.8492,56.98,99,100,5.32,light rain
423,Kismayo,SO,-0.3582,42.5454,78.28,78,35,16.2,scattered clouds
424,Teguise,ES,29.0605,-13.564,66.42,78,100,10.36,overcast clouds
425,Kindu,CD,-2.95,25.95,68.63,90,86,1.23,overcast clouds
426,Burkburnett,US,34.0979,-98.5706,95.88,33,0,14.97,clear sky
427,Tommot,RU,58.9564,126.2925,65.01,37,100,3.94,overcast clouds
428,Crotone,IT,39.0851,17.1178,72.19,55,0,10.65,clear sky
429,Mount Isa,AU,-20.7333,139.5,67.77,24,0,9.22,clear sky
430,Leshukonskoye,RU,64.8989,45.7622,54.54,52,100,6.87,overcast clouds
431,Pastavy,BY,55.1168,26.8326,47.93,94,76,6.58,broken clouds
432,Gimli,CA,50.6336,-96.9907,59.09,98,86,4.7,overcast clouds
433,Fukue,JP,32.6881,128.8419,68.83,88,100,12.15,moderate rain
434,Revelstoke,CA,50.9832,-118.2023,68.22,44,71,3.24,broken clouds
435,Maningrida,AU,-12.0667,134.2667,81.82,43,93,12.82,overcast clouds
436,Cordoba,AR,-31.4135,-64.1811,59.76,44,0,11.5,clear sky
437,Taoudenni,ML,22.6783,-3.9836,94.03,25,100,7.05,overcast clouds
438,Vardo,NO,70.3705,31.1107,46.38,66,17,16.11,few clouds
439,Berlevag,NO,70.8578,29.0864,44.55,76,100,17.27,overcast clouds
440,Gola Gokarannath,IN,28.0833,80.4667,94.33,30,4,7.9,clear sky
441,Charters Towers,AU,-20.1,146.2667,65.34,30,0,8.61,clear sky
442,Tricase,IT,39.9304,18.3553,69.31,71,23,18.77,few clouds
443,Aragarcas,BR,-15.8975,-52.2508,65.48,66,79,3.87,broken clouds
444,Santa Catalina,PH,9.3337,122.8637,85.87,67,100,0.51,overcast clouds
445,Rio Grande,BR,-32.035,-52.0986,51.12,89,69,10.16,broken clouds
446,Ararat,AM,39.8317,44.7049,59.34,85,28,3.47,scattered clouds
447,Gao,ML,16.6362,1.637,88.95,34,8,5.32,clear sky
448,Upata,VE,8.0086,-62.3989,71.19,97,96,3.6,overcast clouds
449,Nanortalik,GL,60.1432,-45.2371,36.25,95,92,9.62,overcast clouds
450,Morlaix,FR,48.5833,-4.0,53.65,93,0,5.75,clear sky
451,Langsa,ID,4.4683,97.9683,81.41,73,99,1.79,overcast clouds
452,Coihueco,CL,-36.6167,-71.8333,41.74,93,100,8.05,mist
453,Palmas Bellas,PA,9.2319,-80.0867,79.25,86,100,2.15,overcast clouds
454,Port Augusta,AU,-32.5,137.7667,59.38,49,21,10.85,few clouds
455,Port Hardy,CA,50.6996,-127.4199,53.19,76,24,16.31,few clouds
456,Banes,CU,20.9625,-75.7186,78.91,84,100,3.65,overcast clouds
457,Gazanjyk,TM,39.2446,55.5154,80.42,24,2,11.23,clear sky
458,Derzhavinsk,KZ,51.1,66.3167,64.35,73,89,9.26,overcast clouds
459,Linhares,BR,-19.3911,-40.0722,70.27,90,83,4.68,broken clouds
460,Warrington,GB,53.3925,-2.5802,55.51,80,75,16.11,broken clouds
461,Staryy Nadym,RU,65.6118,72.6842,48.07,71,93,23.67,overcast clouds
462,Iqaluit,CA,63.7506,-68.5145,40.69,63,96,13.0,overcast clouds
463,Walvis Bay,NA,-22.9575,14.5053,59.09,81,0,2.42,clear sky
464,Anamur,TR,36.0751,32.8369,72.95,76,8,9.93,clear sky
465,Kawalu,ID,-7.3817,108.2082,79.38,79,100,1.12,overcast clouds
466,Vladyslavivka,UA,45.1667,35.3667,69.44,86,8,9.48,clear sky
467,Kutum,SD,14.2,24.6667,77.18,46,48,4.72,scattered clouds
468,Sukumo,JP,32.9333,132.7333,77.81,63,100,5.39,light rain
469,Geraldton,AU,-28.7667,114.6,64.81,72,100,5.75,overcast clouds
470,Raudeberg,NO,61.9875,5.1352,49.96,94,100,20.89,light rain
471,Bambanglipuro,ID,-7.95,110.2833,80.26,78,99,2.73,overcast clouds
472,Tiksi,RU,71.6872,128.8694,45.55,67,82,6.35,broken clouds
473,Bukid,PH,5.5717,125.4056,83.28,72,100,7.09,overcast clouds
474,Alyangula,AU,-13.8483,136.4192,78.53,55,21,13.38,few clouds
475,Halifax,CA,44.6453,-63.5724,61.52,81,93,6.64,overcast clouds
476,Kuvshinovo,RU,57.0295,34.1725,57.58,97,100,3.04,overcast clouds
477,Colares,PT,38.7992,-9.4469,71.33,65,4,8.99,clear sky
478,Saint-Louis,SN,16.3333,-15.0,75.63,71,100,16.49,overcast clouds
479,Skaudvile,LT,55.4167,22.6167,49.17,85,100,4.61,overcast clouds
480,Champerico,GT,14.3,-91.9167,77.32,86,86,9.8,overcast clouds
481,Iracoubo,GF,5.4802,-53.2011,77.88,84,16,6.76,few clouds
482,Bom Jesus,BR,-9.0744,-44.3586,76.46,65,94,1.36,overcast clouds
483,Pointe Michel,DM,15.25,-61.3833,81.88,75,8,17.54,clear sky
484,Sabang,ID,5.8933,95.3214,82.67,74,88,5.53,overcast clouds
485,Santiago Del Estero,AR,-27.7951,-64.2615,55.11,41,0,10.45,clear sky
486,Chengde,CN,40.9725,117.9361,71.04,63,27,5.19,scattered clouds
487,Nachalovo,RU,46.338,48.2013,66.13,63,0,8.95,clear sky
488,Miri,MY,4.4148,114.0089,79.92,83,100,1.48,overcast clouds
489,Diu,IN,20.7141,70.9822,83.14,78,90,11.48,overcast clouds
490,Nelson Bay,AU,-32.7167,152.15,61.09,60,1,3.0,clear sky
491,Tay Ninh,VN,11.3,106.1,85.23,70,85,4.12,overcast clouds
492,Viedma,AR,-40.8135,-62.9967,55.9,44,100,14.7,overcast clouds
493,Krasnogorskoye,RU,52.2953,86.1979,70.09,74,66,7.29,broken clouds
494,Vizianagaram,IN,18.1167,83.4167,83.71,54,62,3.74,broken clouds
495,Lorengau,PG,-2.0226,147.2712,85.35,64,8,11.07,clear sky
496,Montrose,US,38.4166,-108.2673,80.01,9,0,18.99,clear sky
497,Havoysund,NO,70.9963,24.6622,43.03,91,100,21.0,overcast clouds
498,Gamba,GA,-2.65,10.0,73.67,92,31,4.65,scattered clouds
499,Harboore,DK,56.6175,8.1807,48.18,78,25,14.0,scattered clouds
500,Cananeia,BR,-25.0147,-47.9267,54.14,67,0,3.89,clear sky
501,Goldsboro,US,35.3849,-77.9928,77.14,85,0,5.75,clear sky
502,Faya,SA,18.3851,42.4509,64.92,18,1,3.44,clear sky
503,De-Kastri,RU,51.4667,140.7833,61.25,63,22,8.52,few clouds
504,Srednekolymsk,RU,67.45,153.6833,71.78,31,0,7.02,clear sky
505,Sangamner,IN,19.5667,74.2167,77.05,74,95,3.87,overcast clouds
506,Takoradi,GH,4.8845,-1.7554,76.05,82,61,6.53,broken clouds
507,Biak,ID,-0.9131,122.8766,82.18,70,56,4.41,broken clouds
508,Korla,CN,41.7597,86.1469,89.19,9,99,12.1,overcast clouds
509,Zhongshu,CN,24.5167,103.7667,68.94,86,100,4.61,overcast clouds
510,Solnechnyy,RU,50.7214,136.6319,77.36,38,13,9.62,few clouds
511,Ambon,ID,-3.6954,128.1814,87.94,66,20,3.44,few clouds
512,Port-Cartier,CA,50.0334,-66.8654,56.75,74,100,5.95,overcast clouds
513,Merke,KZ,42.8728,73.1786,70.3,61,100,2.35,light rain
514,Rundu,NA,-17.9333,19.7667,48.88,59,0,4.65,clear sky
515,Anderson,US,34.5334,-82.6499,83.03,73,0,0.0,clear sky
516,Namibe,AO,-15.1961,12.1522,67.84,58,0,6.55,clear sky
517,Pangobilian,PH,8.8011,117.8594,86.23,63,81,2.59,broken clouds
518,Krasnoselkup,RU,65.7,82.4667,68.54,60,21,8.68,few clouds
519,Xichang,CN,27.8964,102.2634,63.37,95,100,3.69,overcast clouds
520,Matara,LK,5.9485,80.5353,79.66,85,100,9.89,overcast clouds
521,San Quintin,MX,30.4833,-115.95,66.81,82,3,10.78,clear sky
522,Kavaratti,IN,10.5669,72.642,82.54,75,100,14.0,overcast clouds
523,Rivadavia,AR,-33.1905,-68.4608,49.17,51,61,3.6,broken clouds
524,Bara,NG,10.3744,10.7288,75.51,78,87,9.48,overcast clouds
525,Ilhabela,BR,-23.7781,-45.3581,59.02,64,100,6.51,overcast clouds
526,Drogheda,IE,53.7189,-6.3478,52.27,95,65,11.36,broken clouds
527,Bacolod,PH,10.6667,122.95,85.57,69,61,3.0,broken clouds
528,Kiruna,SE,67.8557,20.2251,49.12,76,100,2.3,overcast clouds
529,Roald,NO,62.5833,6.1333,54.16,71,100,12.66,light rain
530,Nuuk,GL,64.1835,-51.7216,33.75,78,100,16.49,overcast clouds
531,Buala,SB,-8.145,159.5921,85.32,65,2,6.02,clear sky
532,Pacific Grove,US,36.6177,-121.9166,71.22,88,100,6.91,haze
533,Traverse City,US,44.7631,-85.6206,55.83,86,40,0.0,scattered clouds
534,Muyezerskiy,RU,63.9333,31.65,51.55,92,6,4.5,clear sky
535,Brigantine,US,39.4101,-74.3646,69.03,93,0,5.75,clear sky
536,Bereda,ES,43.2686,-7.5406,61.41,96,100,8.21,overcast clouds
537,Nenjiang,CN,49.1833,125.2167,63.91,89,100,12.75,heavy intensity rain
538,Northam,GB,51.0333,-4.2167,55.38,81,19,11.7,few clouds
539,San Rafael,AR,-34.6177,-68.3301,51.15,40,99,7.85,overcast clouds
540,Port Macquarie,AU,-31.4333,152.9167,61.9,56,1,8.12,clear sky
541,Inhambane,MZ,-23.865,35.3833,66.74,87,2,1.95,clear sky
542,Cascais,PT,38.6979,-9.4215,71.51,66,5,8.99,clear sky
543,Turan,VN,16.0678,108.2208,89.58,58,0,2.3,clear sky
544,Omboue,GA,-1.5746,9.2618,74.25,93,20,5.41,few clouds
545,Byron Bay,AU,-28.65,153.6167,62.71,64,59,8.21,broken clouds
546,Inirida,CO,3.8653,-67.9239,70.16,99,100,1.36,overcast clouds
547,Homer,US,59.6425,-151.5483,64.04,63,0,12.66,clear sky
548,Erenhot,CN,43.6475,111.9767,67.51,38,65,21.52,broken clouds
549,Pemangkat,ID,1.1667,108.9667,80.85,81,100,10.02,overcast clouds
550,Campos Gerais,BR,-21.235,-45.7586,52.65,66,100,2.42,overcast clouds
551,Makueni,KE,-1.8041,37.6203,57.96,96,56,1.52,broken clouds
552,Van,TR,38.4924,43.3831,67.35,34,40,12.66,scattered clouds
553,Havre,FR,49.5833,0.3333,55.8,82,0,12.66,clear sky
554,Berea,US,41.3662,-81.8543,74.46,88,100,9.22,thunderstorm
555,Saryagash,KZ,41.4511,69.1701,69.76,63,49,2.71,scattered clouds
556,Kenai,US,60.5544,-151.2583,63.03,79,75,9.22,mist
557,Sfantu Gheorghe,RO,45.8667,25.7833,60.26,95,10,1.52,clear sky
558,Calahorra,ES,42.3051,-1.9652,67.91,84,1,8.66,clear sky
559,Springdale,US,36.1867,-94.1288,86.83,77,0,12.66,clear sky
560,Jackson,US,42.4165,-122.8345,57.07,65,100,13.8,overcast clouds
561,Yarada,IN,17.65,83.2667,84.52,79,75,2.3,mist
562,Kibala,TD,9.1104,18.3463,72.46,90,100,8.57,moderate rain
563,Burgeo,CA,47.6167,-57.6152,53.65,83,100,6.06,overcast clouds
564,Benxi,CN,41.2886,123.765,71.92,63,98,9.04,overcast clouds
565,Sakassou,CI,7.4546,-5.2926,71.67,98,99,4.12,overcast clouds
566,Salto Del Guaira,PY,-24.0625,-54.3069,46.09,74,0,6.46,clear sky
567,Kokkola,FI,63.8385,23.1307,53.76,90,0,4.61,clear sky
568,Butterworth,MY,5.3991,100.3638,86.05,74,20,1.14,few clouds
569,Tevriz,RU,57.509,72.4042,56.88,94,56,8.03,broken clouds
570,Borogontsy,RU,62.6683,131.1683,61.54,50,60,7.27,broken clouds
571,Labytnangi,RU,66.6572,66.4183,48.6,55,100,12.57,overcast clouds
572,Tallahassee,US,30.4383,-84.2807,82.33,87,40,5.75,scattered clouds
573,Petropavlovsk-Kamchatskiy,RU,53.0452,158.6483,66.79,32,0,6.71,clear sky
574,Serenje,ZM,-13.2325,30.2352,46.26,87,0,4.65,clear sky
575,San Jeronimo,PE,-11.9472,-75.2829,45.59,84,19,2.48,few clouds
576,Urucara,BR,-2.5364,-57.76,72.59,98,89,1.61,light rain
577,Caridad,PH,10.8315,124.7518,87.98,60,95,1.88,heavy intensity rain
578,Toora-Khem,RU,52.4675,96.11,74.62,49,100,0.78,overcast clouds
579,Salinopolis,BR,-0.6136,-47.3561,78.53,81,3,8.05,clear sky
580,Ontario,US,34.0633,-117.6509,89.4,45,0,17.27,smoke
581,Hasaki,JP,35.7333,140.8333,73.8,56,69,11.48,broken clouds
582,Stornoway,GB,58.2093,-6.3865,50.94,83,75,5.75,broken clouds
583,Tigzirt,DZ,36.8886,4.1198,71.8,46,26,4.41,scattered clouds
584,Tessalit,ML,20.1986,1.0114,83.7,29,7,7.16,clear sky
585,Elizabeth City,US,36.2946,-76.2511,75.22,91,0,3.44,clear sky
586,Pachino,IT,36.7186,15.0907,70.93,65,0,9.55,clear sky
587,Dwarka,IN,22.2394,68.9678,84.85,72,57,7.23,broken clouds
588,Asfi,MA,32.2994,-9.2372,68.63,94,46,8.03,scattered clouds
589,Chongwe,ZM,-15.3292,28.682,49.01,74,0,2.04,clear sky
590,Borovoy,RU,55.4333,86.0833,71.69,68,0,4.47,clear sky
591,Saryozek,KZ,44.3583,77.9753,72.86,54,96,1.9,overcast clouds
592,Yatou,CN,37.15,122.3833,73.72,64,79,16.75,broken clouds
593,Mildura,AU,-34.2,142.15,54.07,73,100,1.34,overcast clouds
594,Murray Bridge,AU,-35.1167,139.2667,56.12,56,63,9.06,broken clouds
595,Zverinogolovskoye,RU,54.4586,64.8542,52.57,83,0,6.91,clear sky
596,Linguere,SN,15.3953,-15.1193,77.92,68,57,14.83,broken clouds
597,Salamanca,ES,40.8333,-6.0,74.75,49,4,2.66,clear sky
598,Pueblo,US,38.2545,-104.6091,92.16,17,0,4.61,clear sky
599,Batemans Bay,AU,-35.7167,150.1833,56.1,48,1,3.18,clear sky
600,Aras,ES,42.5617,-2.356,61.21,82,0,5.75,clear sky
601,Pangkalanbuun,ID,-2.6833,111.6167,81.59,82,100,2.35,overcast clouds
602,Magadan,RU,59.5667,150.8,54.54,84,44,6.22,scattered clouds
603,Tsaratanana,MG,-16.7833,47.65,61.57,74,0,10.8,clear sky
604,Grand Baie,MU,-20.0182,57.5802,70.45,87,40,5.99,scattered clouds
605,Huarmey,PE,-10.0681,-78.1522,63.93,82,7,10.42,clear sky
606,Yaan,NG,7.3833,8.5667,73.09,92,100,3.13,light rain
607,Mamallapuram,IN,12.6264,80.1722,86.05,61,100,13.29,overcast clouds
608,Buenos Aires,AR,-34.6132,-58.3772,52.99,74,0,0.0,clear sky
609,Vodnyy,RU,63.5046,53.4095,49.26,48,13,4.32,few clouds
610,Kailua,US,21.4022,-157.7394,85.98,73,75,13.8,broken clouds
611,Tigil,RU,57.8,158.6667,43.45,94,100,7.74,moderate rain
612,Unhel,IN,23.3333,75.5667,79.86,69,100,11.12,overcast clouds
613,Kaputa,ZM,-8.4689,29.6619,62.85,72,3,4.05,clear sky
614,San Policarpo,PH,12.1791,125.5072,83.79,75,100,7.31,overcast clouds
615,Trinidad,BO,-14.8333,-64.9,55.08,61,0,4.27,clear sky
616,Ketovo,RU,55.355,65.3258,52.32,86,7,6.44,clear sky
617,Neiafu,TO,-18.65,-173.9833,83.08,78,40,12.66,scattered clouds
618,Charqueada,BR,-22.5097,-47.7781,52.48,49,100,2.42,overcast clouds
619,Vysokogornyy,RU,50.1167,139.15,75.88,31,33,2.37,scattered clouds
620,Ternate,ID,0.8,127.4,84.07,69,46,3.91,scattered clouds
621,Muisne,EC,0.6,-80.0333,75.94,84,93,7.11,overcast clouds
622,Turukhansk,RU,65.8167,87.9833,66.34,67,99,11.12,overcast clouds
623,Capoterra,IT,39.1763,8.9718,70.54,82,0,5.75,clear sky
624,San,ML,13.3034,-4.8956,86.68,51,66,8.37,broken clouds
625,Reconquista,AR,-29.15,-59.65,47.14,69,0,6.35,clear sky
626,Edd,ER,13.9297,41.6925,88.16,51,81,3.33,broken clouds
627,Coquimbo,CL,-29.9533,-71.3436,49.73,93,75,1.14,broken clouds
628,Ler,SS,8.3018,30.1418,77.23,65,100,4.14,overcast clouds
629,Quelimane,MZ,-17.8786,36.8883,66.15,94,40,0.0,scattered clouds
630,Codrington,AU,-38.2667,141.9667,55.2,73,96,3.74,overcast clouds
631,Nishihara,JP,26.1842,127.7558,82.45,94,75,16.11,broken clouds
632,Marshall,US,34.3834,-86.3333,83.08,80,0,0.0,clear sky
633,Zhangye,CN,38.9342,100.4517,79.12,9,0,4.32,clear sky
634,La Ronge,CA,55.1001,-105.2842,57.16,87,77,3.87,broken clouds
635,El Dorado,US,38.7666,-120.5177,67.17,88,95,1.01,overcast clouds
636,Changqing,CN,36.5575,116.7272,86.25,41,9,14.72,clear sky
637,Natal,BR,-5.795,-35.2094,74.05,100,20,3.44,few clouds
638,Stara Vyzhivka,UA,51.4376,24.44,55.58,90,68,4.03,broken clouds
639,Tiznit,MA,29.5833,-9.5,71.76,64,48,2.24,scattered clouds
640,Xacmaz,AZ,41.4635,48.806,66.47,75,86,12.1,overcast clouds
641,Nayudupeta,IN,13.9,79.9,79.68,47,100,10.56,overcast clouds
642,Tagab,AF,34.855,69.6492,74.41,39,12,0.36,few clouds
643,Shenzhen,CN,22.5455,114.0683,87.22,99,100,10.38,overcast clouds
644,Mmathubudukwane,BW,-24.6,26.4333,49.35,62,0,1.59,clear sky
645,Puerto Madryn,AR,-42.7692,-65.0385,59.79,24,100,14.7,overcast clouds
646,Saint-Joseph,RE,-21.3667,55.6167,68.38,86,56,15.99,light rain
647,Denpasar,ID,-8.65,115.2167,82.06,89,75,5.75,broken clouds
648,Juegang,CN,32.3174,121.1855,71.98,87,100,6.82,overcast clouds
649,Vestmannaeyjar,IS,63.4427,-20.2734,48.02,96,100,16.35,overcast clouds
650,Shido,JP,34.3233,134.1733,75.58,60,100,7.9,overcast clouds
651,Ciudad Bolivar,VE,8.1222,-63.5497,76.17,86,100,5.7,overcast clouds
652,Ferme-Neuve,CA,46.7001,-75.4493,55.89,98,75,2.95,broken clouds
653,Linxia,CN,35.6003,103.2064,65.66,43,93,2.68,overcast clouds
654,Guanaja,HN,16.4,-85.9,80.67,82,98,21.5,overcast clouds
655,Camacha,PT,33.0833,-16.3333,63.82,72,40,6.91,scattered clouds
656,Saint-Georges,GD,12.0564,-61.7485,79.43,78,5,15.35,clear sky
657,Zaliznychne,UA,45.7489,28.6147,65.62,82,3,15.5,clear sky
658,Teya,RU,60.3778,92.6267,70.56,61,33,5.3,light rain
659,Innisfail,AU,-17.5333,146.0333,71.69,58,3,8.08,clear sky
660,Ovalle,CL,-30.5983,-71.2003,56.62,72,2,0.81,clear sky
661,Bima,ID,-8.4667,118.7167,83.62,67,100,4.43,overcast clouds
662,Strezhevoy,RU,60.7333,77.5889,62.26,73,13,8.95,few clouds
663,Mandan,US,46.8267,-100.8896,71.58,94,75,4.61,broken clouds
664,Itaituba,BR,-4.2761,-55.9836,71.85,100,97,2.13,overcast clouds
665,Pontes E Lacerda,BR,-15.2261,-59.3353,54.14,59,2,3.83,clear sky
666,Tuy Hoa,VN,13.0833,109.3,88.16,59,98,6.53,overcast clouds
667,Puerto Colombia,CO,10.9878,-74.9547,77.09,78,100,10.36,overcast clouds
668,Oudtshoorn,ZA,-33.5907,22.2014,59.9,39,100,5.26,overcast clouds
669,Singosari,ID,-7.8924,112.6658,79.48,71,97,1.61,overcast clouds
670,Manado,ID,1.487,124.8455,88.57,66,40,4.61,scattered clouds
671,Marsh Harbour,BS,26.5412,-77.0636,81.37,83,0,10.07,clear sky
672,Lata,PT,40.1629,-8.3327,66.81,74,2,2.15,clear sky
673,Lebork,PL,54.5392,17.7501,54.91,98,100,4.92,overcast clouds
674,Honiara,SB,-9.4333,159.95,87.44,59,1,5.99,clear sky
675,Sibolga,ID,1.7427,98.7792,83.03,65,50,1.97,scattered clouds
676,Otane,NZ,-39.8833,176.6333,56.01,63,3,19.33,clear sky
677,Marrakesh,MA,31.6315,-8.0083,84.27,42,40,4.61,scattered clouds
678,Fredericksburg,US,38.3032,-77.4605,76.44,84,0,0.0,clear sky
679,Quatre Cocos,MU,-20.2078,57.7625,70.09,79,40,17.85,light rain
680,Broome,US,42.2506,-75.833,66.61,88,20,5.75,few clouds
681,Nemuro,JP,43.3236,145.575,46.87,90,99,18.34,overcast clouds
682,Bauchi,NG,10.5,10.0,73.51,69,70,4.85,broken clouds
683,Brandon,US,27.9378,-82.2859,82.89,84,0,3.44,clear sky
